﻿{"cameraMode":{"drawMode":0,"name":"Shaded","section":"Shading Mode"},"sceneLighting":false,"audioPlay":false,"sceneViewState":{"showFog":true,"showMaterialUpdate":true,"showSkybox":false,"showFlares":true,"showImageEffects":true,"showParticleSystems":true},"in2DMode":false,"pivot":{"x":-70.48899841308594,"y":1.3300000429153443,"z":-69.35099792480469},"rotation":{"x":-0.32454007863998415,"y":-0.17094433307647706,"z":0.05976218730211258,"w":-0.9283813238143921},"size":0.7144709229469299,"orthographic":false}