﻿{"cameraMode":{"drawMode":0,"name":"Shaded","section":"Shading Mode"},"sceneLighting":true,"audioPlay":false,"sceneViewState":{"showFog":true,"showMaterialUpdate":false,"showSkybox":true,"showFlares":false,"showImageEffects":false,"showParticleSystems":false},"in2DMode":false,"pivot":{"x":6.685726165771484,"y":-6.732666015625,"z":2.129711627960205},"rotation":{"x":0.27118849754333498,"y":0.6259757280349731,"z":-0.2466268241405487,"w":0.6883266568183899},"size":43.456138610839847,"orthographic":false}